city,state_id,state_name,county_name,lat,lng
Aberdeen,OH,Ohio,Brown,38.6714,-83.7705
Ada,OH,Ohio,Hardin,40.7681,-83.8253
Adamsville,OH,Ohio,Muskingum,40.0689,-81.8826
Addyston,OH,Ohio,Hamilton,39.1371,-84.7104
Adelphi,OH,Ohio,Ross,39.4647,-82.7456
Adena,OH,Ohio,Jefferson,40.2166,-80.8762
Akron,OH,Ohio,Summit,41.0798,-81.5219
Albany,OH,Ohio,Athens,39.2245,-82.1977
Alexandria,OH,Ohio,Licking,40.0901,-82.612
Alger,OH,Ohio,Hardin,40.7096,-83.8441
Alliance,OH,Ohio,Stark,40.9107,-81.1189
Alvordton,OH,Ohio,Williams,41.6646,-84.4347
Amanda,OH,Ohio,Fairfield,39.6501,-82.7422
Amberley,OH,Ohio,Hamilton,39.2035,-84.4283
Amelia,OH,Ohio,Clermont,39.0229,-84.2184
Amesville,OH,Ohio,Athens,39.4016,-81.9549
Amherst,OH,Ohio,Lorain,41.4022,-82.2303
Amsterdam,OH,Ohio,Jefferson,40.4717,-80.9217
Andersonville,OH,Ohio,Ross,39.4338,-83.019
Andover,OH,Ohio,Ashtabula,41.6066,-80.5687
Anna,OH,Ohio,Shelby,40.3958,-84.176
Ansonia,OH,Ohio,Darke,40.2141,-84.6344
Antioch,OH,Ohio,Monroe,39.6608,-81.0668
Antwerp,OH,Ohio,Paulding,41.1798,-84.7377
Apple Creek,OH,Ohio,Wayne,40.7486,-81.8333
Apple Valley,OH,Ohio,Knox,40.4389,-82.3481
Aquilla,OH,Ohio,Geauga,41.5465,-81.173
Arcadia,OH,Ohio,Hancock,41.1078,-83.5144
Arcanum,OH,Ohio,Darke,39.9923,-84.5543
Archbold,OH,Ohio,Fulton,41.5165,-84.3036
Arlington,OH,Ohio,Hancock,40.8939,-83.6529
Arlington Heights,OH,Ohio,Hamilton,39.2153,-84.4555
Ashland,OH,Ohio,Ashland,40.8668,-82.3156
Ashley,OH,Ohio,Delaware,40.4098,-82.9516
Ashtabula,OH,Ohio,Ashtabula,41.8806,-80.7984
Ashville,OH,Ohio,Pickaway,39.7239,-82.9575
Athalia,OH,Ohio,Lawrence,38.5126,-82.3093
Athens,OH,Ohio,Athens,39.3269,-82.0988
Attica,OH,Ohio,Seneca,41.0634,-82.8873
Atwater,OH,Ohio,Portage,41.0266,-81.1622
Aurora,OH,Ohio,Portage,41.3118,-81.345
Austinburg,OH,Ohio,Ashtabula,41.7692,-80.8556
Austintown,OH,Ohio,Mahoning,41.0932,-80.7405
Avon,OH,Ohio,Lorain,41.4485,-82.0187
Avon Lake,OH,Ohio,Lorain,41.4945,-82.016
Bailey Lakes,OH,Ohio,Ashland,40.9489,-82.357
Bainbridge,OH,Ohio,Geauga,41.3944,-81.3366
Bairdstown,OH,Ohio,Wood,41.1711,-83.6072
Ballville,OH,Ohio,Sandusky,41.3269,-83.1367
Baltic,OH,Ohio,Tuscarawas,40.4436,-81.7016
Baltimore,OH,Ohio,Fairfield,39.846,-82.6047
Bannock,OH,Ohio,Belmont,40.1043,-80.9757
Barberton,OH,Ohio,Summit,41.0094,-81.6038
Barnesville,OH,Ohio,Belmont,39.9888,-81.1728
Barnhill,OH,Ohio,Tuscarawas,40.4497,-81.3679
Bascom,OH,Ohio,Seneca,41.129,-83.2869
Batavia,OH,Ohio,Clermont,39.0815,-84.1718
Batesville,OH,Ohio,Noble,39.9156,-81.2824
Bay View,OH,Ohio,Erie,41.468,-82.825
Bay Village,OH,Ohio,Cuyahoga,41.4851,-81.9315
Beach City,OH,Ohio,Stark,40.6531,-81.5796
Beachwood,OH,Ohio,Cuyahoga,41.4759,-81.503
Beallsville,OH,Ohio,Monroe,39.8489,-81.0354
Beaver,OH,Ohio,Pike,39.0319,-82.8252
Beavercreek,OH,Ohio,Greene,39.731,-84.0624
Beaverdam,OH,Ohio,Allen,40.8328,-83.974
Beckett Ridge,OH,Ohio,Butler,39.3448,-84.4381
Bedford,OH,Ohio,Cuyahoga,41.3919,-81.5359
Bedford Heights,OH,Ohio,Cuyahoga,41.4042,-81.5053
Beechwood Trails,OH,Ohio,Licking,40.0252,-82.6463
Bellaire,OH,Ohio,Belmont,40.0176,-80.7469
Bellbrook,OH,Ohio,Greene,39.6384,-84.0863
Belle Center,OH,Ohio,Logan,40.509,-83.7453
Belle Valley,OH,Ohio,Noble,39.7888,-81.5564
Bellefontaine,OH,Ohio,Logan,40.3627,-83.763
Bellevue,OH,Ohio,Huron,41.2743,-82.8394
Bellville,OH,Ohio,Sandusky,40.6292,-82.5238
Belmont,OH,Ohio,Belmont,40.0279,-81.041
Belmore,OH,Ohio,Putnam,41.1549,-83.9419
Beloit,OH,Ohio,Mahoning,40.9196,-80.9963
Belpre,OH,Ohio,Washington,39.2815,-81.5971
Bentleyville,OH,Ohio,Cuyahoga,41.4122,-81.4121
Benton Ridge,OH,Ohio,Hancock,41.0042,-83.7927
Bentonville,OH,Ohio,Adams,38.7455,-83.6103
Berea,OH,Ohio,Cuyahoga,41.3696,-81.8642
Bergholz,OH,Ohio,Jefferson,40.5208,-80.8851
Berkey,OH,Ohio,Lucas,41.7084,-83.8383
Berlin,OH,Ohio,Holmes,40.5628,-81.8011
Berlin Heights,OH,Ohio,Erie,41.3204,-82.4904
Bethel,OH,Ohio,Clermont,38.9627,-84.0846
Bethesda,OH,Ohio,Belmont,40.0164,-81.0727
Bettsville,OH,Ohio,Seneca,41.2441,-83.2338
Beulah Beach,OH,Ohio,Erie,41.3917,-82.4428
Beverly,OH,Ohio,Washington,39.55,-81.6362
Bexley,OH,Ohio,Franklin,39.965,-82.9343
Blacklick Estates,OH,Ohio,Franklin,39.9049,-82.8655
Bladensburg,OH,Ohio,Knox,40.2851,-82.2837
Blakeslee,OH,Ohio,Williams,41.5242,-84.7308
Blanchester,OH,Ohio,Clinton,39.2934,-83.9797
Bloomdale,OH,Ohio,Wood,41.1716,-83.5534
Bloomingburg,OH,Ohio,Fayette,39.6079,-83.3953
Bloomingdale,OH,Ohio,Jefferson,40.3422,-80.818
Bloomville,OH,Ohio,Seneca,41.0514,-83.0137
Blue Ash,OH,Ohio,Hamilton,39.248,-84.3827
Blue Jay,OH,Ohio,Hamilton,39.2308,-84.7443
Bluffton,OH,Ohio,Allen,40.8912,-83.8887
Boardman,OH,Ohio,Mahoning,41.0334,-80.6671
Bolindale,OH,Ohio,Trumbull,41.2089,-80.7784
Bolivar,OH,Ohio,Tuscarawas,40.6506,-81.4555
Boston Heights,OH,Ohio,Summit,41.2539,-81.509
Botkins,OH,Ohio,Shelby,40.4587,-84.1782
Bourneville,OH,Ohio,Ross,39.2829,-83.1596
Bowerston,OH,Ohio,Harrison,40.4273,-81.1874
Bowersville,OH,Ohio,Greene,39.5808,-83.7232
Bowling Green,OH,Ohio,Wood,41.3773,-83.65
Bradford,OH,Ohio,Miami,40.1319,-84.4293
Bradner,OH,Ohio,Wood,41.3237,-83.4363
Bratenahl,OH,Ohio,Cuyahoga,41.5546,-81.6046
Brecksville,OH,Ohio,Cuyahoga,41.3079,-81.6193
Brecon,OH,Ohio,Hamilton,39.2797,-84.3521
Bremen,OH,Ohio,Fairfield,39.7059,-82.4296
Brewster,OH,Ohio,Stark,40.7135,-81.5992
Brice,OH,Ohio,Franklin,39.9174,-82.8319
Bridgeport,OH,Ohio,Belmont,40.0673,-80.7473
Bridgetown,OH,Ohio,Hamilton,39.1551,-84.6359
Brilliant,OH,Ohio,Jefferson,40.2701,-80.6318
Brimfield,OH,Ohio,Portage,41.0941,-81.3483
Broadview Heights,OH,Ohio,Cuyahoga,41.3195,-81.6782
Brook Park,OH,Ohio,Cuyahoga,41.4036,-81.8219
Brookfield Center,OH,Ohio,Trumbull,41.2383,-80.5548
Brooklyn,OH,Ohio,Cuyahoga,41.4349,-81.7498
Brooklyn Heights,OH,Ohio,Cuyahoga,41.4178,-81.668
Brookside,OH,Ohio,Belmont,40.0708,-80.7606
Brookville,OH,Ohio,Montgomery,39.8393,-84.4176
Broughton,OH,Ohio,Paulding,41.088,-84.5351
Brownsville,OH,Ohio,Licking,39.9438,-82.2517
Brunswick,OH,Ohio,Medina,41.2464,-81.8198
Bryan,OH,Ohio,Williams,41.4706,-84.5484
Buchtel,OH,Ohio,Athens,39.4634,-82.181
Buckeye Lake,OH,Ohio,Licking,39.9355,-82.4826
Buckland,OH,Ohio,Auglaize,40.6235,-84.2599
Bucyrus,OH,Ohio,Crawford,40.8054,-82.9719
Buffalo,OH,Ohio,Guernsey,39.9169,-81.5204
Buford,OH,Ohio,Highland,39.072,-83.8393
Burbank,OH,Ohio,Wayne,40.9862,-81.9949
Burgoon,OH,Ohio,Sandusky,41.2674,-83.2508
Burkettsville,OH,Ohio,Mercer,40.353,-84.6426
Burlington,OH,Ohio,Lawrence,38.4099,-82.5283
Burton,OH,Ohio,Geauga,41.4708,-81.1456
Butler,OH,Ohio,Richland,40.5896,-82.4211
Butlerville,OH,Ohio,Warren,39.3017,-84.0903
Byesville,OH,Ohio,Guernsey,39.9735,-81.5459
Cadiz,OH,Ohio,Harrison,40.2644,-80.9981
Cairo,OH,Ohio,Allen,40.8307,-84.0847
Calcutta,OH,Ohio,Columbiana,40.6847,-80.5624
Caldwell,OH,Ohio,Noble,39.7467,-81.5127
Caledonia,OH,Ohio,Marion,40.6363,-82.9694
Cambridge,OH,Ohio,Guernsey,40.0221,-81.5868
Camden,OH,Ohio,Preble,39.6374,-84.6445
Camp Dennison,OH,Ohio,Hamilton,39.1946,-84.2896
Campbell,OH,Ohio,Mahoning,41.0777,-80.5904
Canal Fulton,OH,Ohio,Stark,40.8895,-81.5882
Canal Lewisville,OH,Ohio,Coshocton,40.299,-81.8402
Canal Winchester,OH,Ohio,Fairfield,39.8432,-82.8121
Candlewood Lake,OH,Ohio,Morrow,40.6214,-82.7764
Canfield,OH,Ohio,Mahoning,41.0315,-80.7672
Canton,OH,Ohio,Stark,40.8075,-81.3677
Carbon Hill,OH,Ohio,Hocking,39.502,-82.2426
Cardington,OH,Ohio,Morrow,40.498,-82.8937
Carey,OH,Ohio,Wyandot,40.9499,-83.3826
Carlisle,OH,Ohio,Warren,39.5807,-84.3201
Carroll,OH,Ohio,Fairfield,39.8027,-82.7063
Carrollton,OH,Ohio,Carroll,40.5788,-81.0907
Casstown,OH,Ohio,Miami,40.0528,-84.1285
Castalia,OH,Ohio,Erie,41.4011,-82.808
Castine,OH,Ohio,Darke,39.9311,-84.6247
Catawba,OH,Ohio,Clark,39.9996,-83.6219
Cecil,OH,Ohio,Paulding,41.219,-84.6018
Cedarville,OH,Ohio,Greene,39.7471,-83.8109
Celeryville,OH,Ohio,Huron,41.0287,-82.7273
Celina,OH,Ohio,Mercer,40.5551,-84.5629
Centerburg,OH,Ohio,Knox,40.3039,-82.6979
Centerville,OH,Ohio,Montgomery,39.6339,-84.1449
Chagrin Falls,OH,Ohio,Cuyahoga,41.4321,-81.3887
Champion Heights,OH,Ohio,Trumbull,41.3031,-80.8514
Chardon,OH,Ohio,Geauga,41.5803,-81.2082
Chatfield,OH,Ohio,Crawford,40.9511,-82.942
Chauncey,OH,Ohio,Athens,39.4005,-82.1261
Cherry Fork,OH,Ohio,Adams,38.8872,-83.6126
Cherry Grove,OH,Ohio,Hamilton,39.0802,-84.322
Chesapeake,OH,Ohio,Lawrence,38.4298,-82.4489
Cheshire,OH,Ohio,Gallia,38.9502,-82.113
Chesterhill,OH,Ohio,Morgan,39.4908,-81.8667
Chesterland,OH,Ohio,Geauga,41.5213,-81.3363
Chesterville,OH,Ohio,Morrow,40.4777,-82.6818
Cheviot,OH,Ohio,Hamilton,39.1577,-84.6139
Chickasaw,OH,Ohio,Mercer,40.4367,-84.4936
Chillicothe,OH,Ohio,Ross,39.3393,-82.9937
Chilo,OH,Ohio,Clermont,38.7934,-84.1373
Chippewa Lake,OH,Ohio,Medina,41.0737,-81.9047
Chippewa Park,OH,Ohio,Logan,40.516,-83.8875
Choctaw Lake,OH,Ohio,Madison,39.9609,-83.4874
Christiansburg,OH,Ohio,Champaign,40.0567,-84.0254
Churchill,OH,Ohio,Trumbull,41.1692,-80.666
Cincinnati,OH,Ohio,Hamilton,39.1413,-84.5061
Cinnamon Lake,OH,Ohio,Ashland,40.9835,-82.1914
Circleville,OH,Ohio,Pickaway,39.6063,-82.9334
Clarington,OH,Ohio,Monroe,39.7763,-80.8647
Clarksburg,OH,Ohio,Ross,39.5059,-83.1541
Clarksville,OH,Ohio,Clinton,39.4016,-83.9828
Clarktown,OH,Ohio,Scioto,38.8498,-82.9085
Clay Center,OH,Ohio,Ottawa,41.5732,-83.3643
Clayton,OH,Ohio,Montgomery,39.8689,-84.3292
Cleveland,OH,Ohio,Cuyahoga,41.4767,-81.6804
Cleveland Heights,OH,Ohio,Cuyahoga,41.5112,-81.5636
Cleves,OH,Ohio,Hamilton,39.1635,-84.7469
Clifton,OH,Ohio,Clark,39.7972,-83.8257
Clinton,OH,Ohio,Summit,40.9284,-81.6304
Cloverdale,OH,Ohio,Putnam,41.0193,-84.3035
Clyde,OH,Ohio,Sandusky,41.3046,-82.9782
Coal Grove,OH,Ohio,Lawrence,38.4976,-82.6423
Coalton,OH,Ohio,Jackson,39.1117,-82.611
Coldstream,OH,Ohio,Hamilton,39.0479,-84.3474
Coldwater,OH,Ohio,Mercer,40.4833,-84.6317
College Corner,OH,Ohio,Preble,39.5682,-84.8109
Collins,OH,Ohio,Huron,41.2508,-82.4915
Columbiana,OH,Ohio,Columbiana,40.8871,-80.675
Columbus,OH,Ohio,Franklin,39.9862,-82.985
Columbus Grove,OH,Ohio,Putnam,40.9205,-84.0598
Commercial Point,OH,Ohio,Pickaway,39.7813,-83.0383
Concorde Hills,OH,Ohio,Hamilton,39.211,-84.3572
Conesville,OH,Ohio,Coshocton,40.1851,-81.892
Congress,OH,Ohio,Wayne,40.9255,-82.0557
Conneaut,OH,Ohio,Ashtabula,41.9278,-80.5685
Connorville,OH,Ohio,Jefferson,40.1938,-80.7176
Continental,OH,Ohio,Putnam,41.1001,-84.2727
Convoy,OH,Ohio,Van Wert,40.9177,-84.7053
Coolville,OH,Ohio,Athens,39.2201,-81.7977
Corning,OH,Ohio,Perry,39.6016,-82.0876
Cortland,OH,Ohio,Trumbull,41.332,-80.7195
Corwin,OH,Ohio,Warren,39.5249,-84.0676
Coshocton,OH,Ohio,Coshocton,40.2618,-81.848
Covedale,OH,Ohio,Hamilton,39.1267,-84.637
Covington,OH,Ohio,Miami,40.1174,-84.3508
Craig Beach,OH,Ohio,Mahoning,41.116,-80.9828
Crestline,OH,Ohio,Crawford,40.7836,-82.7458
Creston,OH,Ohio,Wayne,40.9769,-81.8998
Cridersville,OH,Ohio,Auglaize,40.6509,-84.1427
Crooksville,OH,Ohio,Perry,39.769,-82.0956
Crown City,OH,Ohio,Gallia,38.5901,-82.2912
Crystal Lakes,OH,Ohio,Clark,39.8861,-84.0242
Crystal Rock,OH,Ohio,Erie,41.448,-82.8419
Cumberland,OH,Ohio,Guernsey,39.8535,-81.6587
Curtice,OH,Ohio,Ottawa,41.616,-83.3744
Custar,OH,Ohio,Wood,41.2846,-83.8438
Cuyahoga Falls,OH,Ohio,Summit,41.1641,-81.5207
Cuyahoga Heights,OH,Ohio,Cuyahoga,41.435,-81.6562
Cygnet,OH,Ohio,Wood,41.2407,-83.6437
Dalton,OH,Ohio,Wayne,40.7986,-81.7033
Damascus,OH,Ohio,Mahoning,40.9042,-80.9524
Danville,OH,Ohio,Knox,40.447,-82.2608
Darbydale,OH,Ohio,Franklin,39.8545,-83.1795
Darbyville,OH,Ohio,Pickaway,39.6957,-83.1139
Darrtown,OH,Ohio,Butler,39.4975,-84.669
Day Heights,OH,Ohio,Clermont,39.1755,-84.2275
Dayton,OH,Ohio,Montgomery,39.7797,-84.1998
De Graff,OH,Ohio,Logan,40.3127,-83.9167
Deer Park,OH,Ohio,Hamilton,39.2039,-84.3977
Deersville,OH,Ohio,Harrison,40.3083,-81.188
Defiance,OH,Ohio,Defiance,41.281,-84.3661
Delaware,OH,Ohio,Delaware,40.2866,-83.0747
Delhi Hills,OH,Ohio,Hamilton,39.0871,-84.6178
Dellroy,OH,Ohio,Carroll,40.555,-81.1992
Delphos,OH,Ohio,Allen,40.8481,-84.3368
Delshire,OH,Ohio,Hamilton,39.0884,-84.595
Delta,OH,Ohio,Fulton,41.5753,-84.0084
Dennison,OH,Ohio,Tuscarawas,40.3972,-81.3275
Dent,OH,Ohio,Hamilton,39.1922,-84.6593
Derby,OH,Ohio,Pickaway,39.764,-83.2068
Deshler,OH,Ohio,Henry,41.2075,-83.9056
Devola,OH,Ohio,Washington,39.4739,-81.468
Dexter City,OH,Ohio,Noble,39.6592,-81.4739
Dillonvale,OH,Ohio,Hamilton,39.2173,-84.403
Dola,OH,Ohio,Hardin,40.7848,-83.6989
Donnelsville,OH,Ohio,Clark,39.9154,-83.9429
Dover,OH,Ohio,Tuscarawas,40.5302,-81.4805
Doylestown,OH,Ohio,Wayne,40.97,-81.6954
Dresden,OH,Ohio,Muskingum,40.122,-82.013
Drexel,OH,Ohio,Montgomery,39.7382,-84.2931
Dry Ridge,OH,Ohio,Hamilton,39.2587,-84.6339
Dry Run,OH,Ohio,Hamilton,39.1049,-84.3312
Dublin,OH,Ohio,Franklin,40.1112,-83.1454
Duncan Falls,OH,Ohio,Muskingum,39.8777,-81.9112
Dundee,OH,Ohio,Tuscarawas,40.5868,-81.6069
Dunkirk,OH,Ohio,Hardin,40.788,-83.6429
Dunlap,OH,Ohio,Hamilton,39.2908,-84.6303
Dupont,OH,Ohio,Putnam,41.0547,-84.3011
East Canton,OH,Ohio,Stark,40.7889,-81.285
East Cleveland,OH,Ohio,Cuyahoga,41.5318,-81.5795
East Fultonham,OH,Ohio,Muskingum,39.8486,-82.1207
East Liberty,OH,Ohio,Logan,40.3339,-83.585
East Liverpool,OH,Ohio,Columbiana,40.6333,-80.5677
East Palestine,OH,Ohio,Columbiana,40.8392,-80.5467
East Rochester,OH,Ohio,Columbiana,40.7495,-81.04
East Sparta,OH,Ohio,Stark,40.6635,-81.3643
East Springfield,OH,Ohio,Jefferson,40.4473,-80.8601
Eastlake,OH,Ohio,Lake,41.6581,-81.4323
Eaton,OH,Ohio,Preble,39.7506,-84.6343
Eaton Estates,OH,Ohio,Lorain,41.3061,-82.0114
Edgerton,OH,Ohio,Williams,41.4494,-84.75
Edgewood,OH,Ohio,Ashtabula,41.8783,-80.7461
Edison,OH,Ohio,Morrow,40.5583,-82.8632
Edon,OH,Ohio,Williams,41.5562,-84.7693
Eldorado,OH,Ohio,Preble,39.9043,-84.6752
Elgin,OH,Ohio,Van Wert,40.7428,-84.4759
Elida,OH,Ohio,Allen,40.7868,-84.1995
Elizabethtown,OH,Ohio,Hamilton,39.1621,-84.8037
Elmore,OH,Ohio,Ottawa,41.4707,-83.2912
Elmwood Place,OH,Ohio,Hamilton,39.1855,-84.489
Elyria,OH,Ohio,Lorain,41.3761,-82.1063
Empire,OH,Ohio,Jefferson,40.5117,-80.6261
Englewood,OH,Ohio,Montgomery,39.8644,-84.3071
Enon,OH,Ohio,Clark,39.865,-83.9331
Etna,OH,Ohio,Licking,39.9542,-82.688
Euclid,OH,Ohio,Cuyahoga,41.5904,-81.5188
Evendale,OH,Ohio,Hamilton,39.2509,-84.4268
Fairborn,OH,Ohio,Greene,39.801,-84.0093
Fairfax,OH,Ohio,Hamilton,39.1432,-84.3972
Fairfield,OH,Ohio,Butler,39.3301,-84.5409
Fairfield Beach,OH,Ohio,Fairfield,39.9183,-82.4791
Fairlawn,OH,Ohio,Summit,41.127,-81.6215
Fairport Harbor,OH,Ohio,Lake,41.7477,-81.2731
Fairview,OH,Ohio,Guernsey,40.0573,-81.235
Fairview Park,OH,Ohio,Cuyahoga,41.4419,-81.853
Farmersville,OH,Ohio,Montgomery,39.6787,-84.4275
Fayette,OH,Ohio,Fulton,41.6727,-84.3284
Fayetteville,OH,Ohio,Brown,39.1848,-83.9317
Felicity,OH,Ohio,Clermont,38.839,-84.0985
Findlay,OH,Ohio,Hancock,41.0467,-83.6379
Finneytown,OH,Ohio,Hamilton,39.2159,-84.5145
Five Points,OH,Ohio,Warren,39.5595,-84.1867
Flat Rock,OH,Ohio,Seneca,41.2355,-82.8592
Fletcher,OH,Ohio,Miami,40.1419,-84.1119
Florida,OH,Ohio,Henry,41.3237,-84.2004
Flushing,OH,Ohio,Belmont,40.1481,-81.0644
Forest,OH,Ohio,Hardin,40.8051,-83.5116
Forest Park,OH,Ohio,Hamilton,39.2861,-84.5259
Forestville,OH,Ohio,Hamilton,39.0711,-84.3389
Fort Jennings,OH,Ohio,Putnam,40.9067,-84.2997
Fort Loramie,OH,Ohio,Shelby,40.3442,-84.3696
Fort Recovery,OH,Ohio,Mercer,40.4112,-84.7761
Fort Seneca,OH,Ohio,Seneca,41.2042,-83.168
Fort Shawnee,OH,Ohio,Allen,40.6814,-84.1487
Fostoria,OH,Ohio,Seneca,41.1601,-83.412
Four Bridges,OH,Ohio,Butler,39.3828,-84.3542
Frankfort,OH,Ohio,Ross,39.4069,-83.1842
Franklin,OH,Ohio,Warren,39.5538,-84.295
Franklin Furnace,OH,Ohio,Scioto,38.6115,-82.8439
Frazeysburg,OH,Ohio,Muskingum,40.1191,-82.1177
Fredericksburg,OH,Ohio,Wayne,40.677,-81.8697
Fredericktown,OH,Ohio,Knox,40.4784,-82.5485
Freeport,OH,Ohio,Harrison,40.2109,-81.2686
Fremont,OH,Ohio,Sandusky,41.3536,-83.1148
Fresno,OH,Ohio,Coshocton,40.3308,-81.7386
Friendship,OH,Ohio,Scioto,38.698,-83.1004
Fruit Hill,OH,Ohio,Hamilton,39.0699,-84.367
Fulton,OH,Ohio,Morrow,40.4629,-82.828
Fultonham,OH,Ohio,Muskingum,39.8557,-82.1408
Gahanna,OH,Ohio,Franklin,40.0251,-82.8637
Galena,OH,Ohio,Delaware,40.2218,-82.8812
Galion,OH,Ohio,Crawford,40.7385,-82.7792
Gallipolis,OH,Ohio,Gallia,38.8186,-82.1934
Gambier,OH,Ohio,Knox,40.3764,-82.3949
Gann,OH,Ohio,Knox,40.4693,-82.1913
Garfield Heights,OH,Ohio,Cuyahoga,41.4199,-81.6038
Garrettsville,OH,Ohio,Portage,41.2843,-81.0933
Gates Mills,OH,Ohio,Cuyahoga,41.5316,-81.41
Geneva,OH,Ohio,Ashtabula,41.8006,-80.9461
Geneva-on-the-Lake,OH,Ohio,Ashtabula,41.8562,-80.9493
Genoa,OH,Ohio,Ottawa,41.5204,-83.3619
Georgetown,OH,Ohio,Brown,38.8683,-83.8993
Germantown,OH,Ohio,Montgomery,39.6324,-84.3645
Gettysburg,OH,Ohio,Darke,40.1157,-84.4966
Gibsonburg,OH,Ohio,Sandusky,41.3875,-83.3216
Gilboa,OH,Ohio,Putnam,41.0186,-83.9214
Girard,OH,Ohio,Trumbull,41.1666,-80.6963
Glandorf,OH,Ohio,Putnam,41.0279,-84.0791
Glencoe,OH,Ohio,Belmont,40.0106,-80.8815
Glendale,OH,Ohio,Hamilton,39.2707,-84.4586
Glenford,OH,Ohio,Perry,39.8863,-82.3202
Glenmont,OH,Ohio,Holmes,40.519,-82.0926
Glenmoor,OH,Ohio,Columbiana,40.6639,-80.6133
Glenwillow,OH,Ohio,Cuyahoga,41.3606,-81.4728
Gloria Glens Park,OH,Ohio,Medina,41.0577,-81.901
Glouster,OH,Ohio,Athens,39.5023,-82.0842
Gnadenhutten,OH,Ohio,Tuscarawas,40.3594,-81.4293
Golf Manor,OH,Ohio,Hamilton,39.1878,-84.4469
Good Hope,OH,Ohio,Fayette,39.4467,-83.3594
Gordon,OH,Ohio,Darke,39.9303,-84.5091
Goshen,OH,Ohio,Clermont,39.2325,-84.1532
Grafton,OH,Ohio,Lorain,41.2808,-82.0367
Grand Rapids,OH,Ohio,Wood,41.4078,-83.868
Grand River,OH,Ohio,Lake,41.7418,-81.2846
Grandview,OH,Ohio,Hamilton,39.1922,-84.7245
Grandview Heights,OH,Ohio,Franklin,39.9793,-83.0408
Granville,OH,Ohio,Licking,40.0648,-82.5023
Granville South,OH,Ohio,Licking,40.0521,-82.5415
Gratiot,OH,Ohio,Licking,39.9515,-82.2167
Gratis,OH,Ohio,Preble,39.6484,-84.5286
Graysville,OH,Ohio,Monroe,39.6633,-81.1746
Green,OH,Ohio,Summit,40.9483,-81.4757
Green Camp,OH,Ohio,Marion,40.5321,-83.2076
Green Meadows,OH,Ohio,Clark,39.8672,-83.9454
Green Springs,OH,Ohio,Sandusky,41.257,-83.0529
Greenfield,OH,Ohio,Highland,39.3535,-83.3884
Greenhills,OH,Ohio,Hamilton,39.267,-84.5194
Greentown,OH,Ohio,Stark,40.9274,-81.402
Greenville,OH,Ohio,Darke,40.1043,-84.6209
Greenwich,OH,Ohio,Huron,41.0318,-82.5198
Groesbeck,OH,Ohio,Hamilton,39.2292,-84.5964
Grove City,OH,Ohio,Franklin,39.8659,-83.0694
Groveport,OH,Ohio,Franklin,39.8585,-82.8978
Grover Hill,OH,Ohio,Paulding,41.019,-84.4775
Hamden,OH,Ohio,Vinton,39.1591,-82.5243
Hamersville,OH,Ohio,Brown,38.9192,-83.9856
Hamilton,OH,Ohio,Butler,39.3938,-84.5653
Hamler,OH,Ohio,Henry,41.2281,-84.0355
Hanging Rock,OH,Ohio,Lawrence,38.5599,-82.7274
Hannibal,OH,Ohio,Monroe,39.6719,-80.8741
Hanover,OH,Ohio,Licking,40.0819,-82.2761
Hanoverton,OH,Ohio,Columbiana,40.7547,-80.9355
Harbor Hills,OH,Ohio,Licking,39.9366,-82.4343
Harbor View,OH,Ohio,Lucas,41.6933,-83.4447
Harpster,OH,Ohio,Wyandot,40.7384,-83.2502
Harrisburg,OH,Ohio,Franklin,39.8107,-83.1686
Harrison,OH,Ohio,Hamilton,39.2582,-84.7868
Harrisville,OH,Ohio,Harrison,40.1814,-80.8868
Harrod,OH,Ohio,Allen,40.7074,-83.9213
Hartford,OH,Ohio,Licking,40.2395,-82.6884
Hartville,OH,Ohio,Stark,40.9618,-81.3347
Harveysburg,OH,Ohio,Warren,39.5022,-83.9984
Haskins,OH,Ohio,Wood,41.4648,-83.7043
Haviland,OH,Ohio,Paulding,41.0178,-84.5853
Haydenville,OH,Ohio,Hocking,39.4807,-82.3238
Hayesville,OH,Ohio,Ashland,40.7752,-82.2596
Heath,OH,Ohio,Licking,40.0241,-82.4412
Hebron,OH,Ohio,Licking,39.9644,-82.4898
Helena,OH,Ohio,Sandusky,41.3403,-83.2921
Hemlock,OH,Ohio,Perry,39.5905,-82.1545
Hessville,OH,Ohio,Sandusky,41.403,-83.243
Hicksville,OH,Ohio,Defiance,41.2944,-84.7648
Hide-A-Way Hills,OH,Ohio,Hocking,39.6551,-82.466
Higginsport,OH,Ohio,Brown,38.79,-83.9673
Highland,OH,Ohio,Highland,39.3439,-83.6001
Highland Heights,OH,Ohio,Cuyahoga,41.5518,-81.4691
Highland Hills,OH,Ohio,Cuyahoga,41.4507,-81.5191
Highland Holiday,OH,Ohio,Highland,39.1949,-83.4703
Highpoint,OH,Ohio,Hamilton,39.2892,-84.3472
Hilliard,OH,Ohio,Franklin,40.0353,-83.1578
Hills and Dales,OH,Ohio,Stark,40.8292,-81.4439
Hillsboro,OH,Ohio,Highland,39.2123,-83.6112
Hilltop,OH,Ohio,Trumbull,41.1627,-80.7408
Hiram,OH,Ohio,Portage,41.3113,-81.1429
Hockingport,OH,Ohio,Athens,39.1907,-81.7495
Holgate,OH,Ohio,Henry,41.2493,-84.1292
Holiday City,OH,Ohio,Williams,41.6182,-84.5385
Holiday Lakes,OH,Ohio,Huron,41.0923,-82.7292
Holiday Valley,OH,Ohio,Clark,39.8536,-83.962
Holland,OH,Ohio,Lucas,41.6192,-83.7083
Hollansburg,OH,Ohio,Darke,39.9986,-84.7927
Holloway,OH,Ohio,Belmont,40.1621,-81.1313
Holmesville,OH,Ohio,Holmes,40.629,-81.9233
Homeworth,OH,Ohio,Columbiana,40.8358,-81.0649
Hooven,OH,Ohio,Hamilton,39.1864,-84.7632
Hopedale,OH,Ohio,Harrison,40.3265,-80.8954
Howard,OH,Ohio,Knox,40.4092,-82.3275
Howland Center,OH,Ohio,Trumbull,41.2483,-80.7444
Hoytville,OH,Ohio,Wood,41.19,-83.7844
Hubbard,OH,Ohio,Trumbull,41.1595,-80.5672
Huber Heights,OH,Ohio,Montgomery,39.8595,-84.113
Huber Ridge,OH,Ohio,Franklin,40.0909,-82.9174
Hudson,OH,Ohio,Summit,41.2399,-81.4408
Hunter,OH,Ohio,Warren,39.4947,-84.2903
Hunting Valley,OH,Ohio,Cuyahoga,41.4802,-81.4108
Huntsville,OH,Ohio,Logan,40.4424,-83.8043
Huron,OH,Ohio,Erie,41.3913,-82.5635
Iberia,OH,Ohio,Morrow,40.6747,-82.8403
Independence,OH,Ohio,Cuyahoga,41.378,-81.6385
Irondale,OH,Ohio,Jefferson,40.5728,-80.7259
Ironton,OH,Ohio,Lawrence,38.5319,-82.6777
Ithaca,OH,Ohio,Darke,39.9378,-84.5533
Jackson,OH,Ohio,Jackson,39.046,-82.6492
Jackson Center,OH,Ohio,Shelby,40.4385,-84.0413
Jacksonburg,OH,Ohio,Butler,39.5383,-84.5035
Jacksonville,OH,Ohio,Athens,39.4762,-82.0799
Jamestown,OH,Ohio,Greene,39.6599,-83.7424
Jefferson,OH,Ohio,Ashtabula,41.7384,-80.7689
Jeffersonville,OH,Ohio,Fayette,39.6522,-83.555
Jenera,OH,Ohio,Hancock,40.8995,-83.7271
Jeromesville,OH,Ohio,Ashland,40.8037,-82.1965
Jerry City,OH,Ohio,Wood,41.2537,-83.6023
Jerusalem,OH,Ohio,Monroe,39.8519,-81.0961
Jewett,OH,Ohio,Harrison,40.3681,-81.0031
Johnstown,OH,Ohio,Licking,40.15,-82.6881
Junction City,OH,Ohio,Perry,39.7218,-82.2997
Kalida,OH,Ohio,Putnam,40.9854,-84.1945
Kanauga,OH,Ohio,Gallia,38.8411,-82.1495
Kansas,OH,Ohio,Seneca,41.2452,-83.2839
Kelleys Island,OH,Ohio,Erie,41.6033,-82.7029
Kent,OH,Ohio,Portage,41.149,-81.361
Kenton,OH,Ohio,Hardin,40.6448,-83.6095
Kenwood,OH,Ohio,Hamilton,39.2067,-84.3746
Kettering,OH,Ohio,Montgomery,39.6957,-84.1495
Kettlersville,OH,Ohio,Shelby,40.4389,-84.2597
Kidron,OH,Ohio,Wayne,40.744,-81.7467
Kilbourne,OH,Ohio,Delaware,40.3323,-82.9592
Killbuck,OH,Ohio,Holmes,40.4961,-81.9825
Kimbolton,OH,Ohio,Guernsey,40.1508,-81.5758
Kings Mills,OH,Ohio,Warren,39.3586,-84.2505
Kingston,OH,Ohio,Ross,39.4723,-82.912
Kinsman Center,OH,Ohio,Trumbull,41.4544,-80.5854
Kipton,OH,Ohio,Lorain,41.2665,-82.3039
Kirby,OH,Ohio,Wyandot,40.8135,-83.4194
Kirkersville,OH,Ohio,Licking,39.95,-82.5985
Kirtland,OH,Ohio,Lake,41.5969,-81.3406
Kirtland Hills,OH,Ohio,Lake,41.6362,-81.3193
Kunkle,OH,Ohio,Williams,41.6359,-84.4941
La Croft,OH,Ohio,Columbiana,40.6469,-80.5998
La Rue,OH,Ohio,Marion,40.578,-83.3821
Lafayette,OH,Ohio,Allen,40.7589,-83.9499
Lafferty,OH,Ohio,Belmont,40.1142,-81.019
LaGrange,OH,Ohio,Lorain,41.2401,-82.1181
Lake Buckhorn,OH,Ohio,Holmes,40.4744,-81.9082
Lake Darby,OH,Ohio,Franklin,39.9604,-83.2243
Lake Lakengren,OH,Ohio,Preble,39.6894,-84.69
Lake Lorelei,OH,Ohio,Brown,39.1875,-83.9716
Lake Milton,OH,Ohio,Mahoning,41.096,-80.9812
Lake Mohawk,OH,Ohio,Carroll,40.6608,-81.1928
Lake Seneca,OH,Ohio,Williams,41.6695,-84.6516
Lake Tomahawk,OH,Ohio,Columbiana,40.7638,-80.5952
Lake Waynoka,OH,Ohio,Brown,38.9401,-83.7786
Lakeline,OH,Ohio,Lake,41.6596,-81.4543
Lakemore,OH,Ohio,Summit,41.0215,-81.4264
Lakeside,OH,Ohio,Ottawa,41.5408,-82.7534
Lakeview,OH,Ohio,Logan,40.4875,-83.9266
Lakewood,OH,Ohio,Cuyahoga,41.4824,-81.8008
Lancaster,OH,Ohio,Fairfield,39.7249,-82.6049
Landen,OH,Ohio,Warren,39.3153,-84.277
Lansing,OH,Ohio,Belmont,40.0758,-80.7919
Latty,OH,Ohio,Paulding,41.0879,-84.5832
Laura,OH,Ohio,Miami,39.9952,-84.4083
Laurelville,OH,Ohio,Hocking,39.4719,-82.7374
Leavittsburg,OH,Ohio,Trumbull,41.2452,-80.8789
Lebanon,OH,Ohio,Warren,39.4251,-84.2135
Leesburg,OH,Ohio,Highland,39.3418,-83.552
Leesville,OH,Ohio,Carroll,40.4519,-81.2095
Leetonia,OH,Ohio,Columbiana,40.8785,-80.7623
Leipsic,OH,Ohio,Putnam,41.1096,-83.9674
Lewisburg,OH,Ohio,Preble,39.8508,-84.5434
Lewistown,OH,Ohio,Logan,40.4237,-83.8846
Lewisville,OH,Ohio,Monroe,39.7671,-81.2182
Lexington,OH,Ohio,Richland,40.68,-82.5793
Liberty Center,OH,Ohio,Henry,41.4436,-84.0078
Lima,OH,Ohio,Allen,40.741,-84.1121
Limaville,OH,Ohio,Stark,40.9842,-81.1482
Lincoln Heights,OH,Ohio,Hamilton,39.2434,-84.457
Lincoln Village,OH,Ohio,Franklin,39.9532,-83.1314
Lindsey,OH,Ohio,Sandusky,41.4217,-83.221
Linndale,OH,Ohio,Cuyahoga,41.4449,-81.7669
Lisbon,OH,Ohio,Columbiana,40.7752,-80.7628
Lithopolis,OH,Ohio,Fairfield,39.8113,-82.8155
Little Hocking,OH,Ohio,Washington,39.2608,-81.702
Lockbourne,OH,Ohio,Franklin,39.8078,-82.9837
Lockington,OH,Ohio,Shelby,40.2075,-84.2358
Lockland,OH,Ohio,Hamilton,39.2278,-84.4565
Lodi,OH,Ohio,Medina,41.0348,-82.0122
Logan,OH,Ohio,Hocking,39.5386,-82.4063
Logan Elm Village,OH,Ohio,Pickaway,39.5705,-82.9471
London,OH,Ohio,Madison,39.8936,-83.4376
Lorain,OH,Ohio,Lorain,41.4409,-82.184
Lordstown,OH,Ohio,Trumbull,41.1684,-80.859
Lore City,OH,Ohio,Guernsey,39.9832,-81.4601
Loudonville,OH,Ohio,Ashland,40.6342,-82.2328
Louisville,OH,Ohio,Stark,40.8371,-81.2643
Loveland,OH,Ohio,Hamilton,39.2679,-84.2731
Loveland Park,OH,Ohio,Warren,39.2943,-84.2636
Lowell,OH,Ohio,Washington,39.5292,-81.5068
Lowellville,OH,Ohio,Mahoning,41.039,-80.5463
Lower Salem,OH,Ohio,Washington,39.5635,-81.3942
Lucas,OH,Ohio,Richland,40.7042,-82.4222
Lucasville,OH,Ohio,Scioto,38.8783,-82.9934
Luckey,OH,Ohio,Wood,41.4525,-83.4839
Ludlow Falls,OH,Ohio,Miami,39.9981,-84.3392
Lynchburg,OH,Ohio,Highland,39.2401,-83.7883
Lyndhurst,OH,Ohio,Cuyahoga,41.5172,-81.4922
Lyons,OH,Ohio,Fulton,41.7004,-84.0718
Macedonia,OH,Ohio,Summit,41.3147,-81.4989
Mack,OH,Ohio,Hamilton,39.1503,-84.6792
Macksburg,OH,Ohio,Washington,39.6314,-81.4562
Madeira,OH,Ohio,Hamilton,39.1856,-84.3734
Madison,OH,Ohio,Lake,41.7722,-81.053
Magnetic Springs,OH,Ohio,Union,40.3533,-83.2628
Magnolia,OH,Ohio,Stark,40.653,-81.2928
Maineville,OH,Ohio,Warren,39.3126,-84.1985
Malinta,OH,Ohio,Henry,41.3196,-84.0353
Malta,OH,Ohio,Morgan,39.6515,-81.8639
Malvern,OH,Ohio,Carroll,40.6894,-81.1804
Manchester,OH,Ohio,Adams,38.6902,-83.6053
Mansfield,OH,Ohio,Richland,40.7656,-82.5275
Mantua,OH,Ohio,Portage,41.2819,-81.2221
Maple Heights,OH,Ohio,Cuyahoga,41.4094,-81.5625
Maple Ridge,OH,Ohio,Mahoning,40.9143,-81.0468
Maplewood Park,OH,Ohio,Trumbull,41.1393,-80.5798
Marble Cliff,OH,Ohio,Franklin,39.9857,-83.0614
Marblehead,OH,Ohio,Ottawa,41.5223,-82.7279
Marengo,OH,Ohio,Morrow,40.4008,-82.8109
Mariemont,OH,Ohio,Hamilton,39.1429,-84.3784
Marietta,OH,Ohio,Washington,39.4241,-81.4465
Marion,OH,Ohio,Marion,40.5933,-83.1237
Marlboro,OH,Ohio,Stark,40.9504,-81.2166
Marne,OH,Ohio,Licking,40.0725,-82.3091
Marseilles,OH,Ohio,Wyandot,40.7012,-83.3923
Marshallville,OH,Ohio,Wayne,40.8996,-81.733
Martins Ferry,OH,Ohio,Belmont,40.1014,-80.7253
Martinsburg,OH,Ohio,Knox,40.2695,-82.3545
Martinsville,OH,Ohio,Clinton,39.3224,-83.8109
Marysville,OH,Ohio,Union,40.2278,-83.3595
Mason,OH,Ohio,Warren,39.3571,-84.3023
Massillon,OH,Ohio,Stark,40.7838,-81.5254
Masury,OH,Ohio,Trumbull,41.2083,-80.5378
Matamoras,OH,Ohio,Washington,39.5204,-81.0684
Maumee,OH,Ohio,Lucas,41.5696,-83.6636
Mayfield,OH,Ohio,Cuyahoga,41.5501,-81.4369
Mayfield Heights,OH,Ohio,Cuyahoga,41.5175,-81.4534
McArthur,OH,Ohio,Vinton,39.2466,-82.4787
McClure,OH,Ohio,Henry,41.371,-83.9415
McComb,OH,Ohio,Hancock,41.1068,-83.7898
McConnelsville,OH,Ohio,Morgan,39.6568,-81.8467
McCutchenville,OH,Ohio,Seneca,40.9944,-83.2547
McDermott,OH,Ohio,Scioto,38.8344,-83.0583
McDonald,OH,Ohio,Trumbull,41.1634,-80.723
McGuffey,OH,Ohio,Hardin,40.6928,-83.7859
McKinley Heights,OH,Ohio,Trumbull,41.1859,-80.7177
Mechanicsburg,OH,Ohio,Champaign,40.0735,-83.5564
Medina,OH,Ohio,Medina,41.1358,-81.8694
Melmore,OH,Ohio,Seneca,41.0262,-83.1049
Melrose,OH,Ohio,Paulding,41.0887,-84.4201
Mendon,OH,Ohio,Mercer,40.6733,-84.5175
Mentor,OH,Ohio,Lake,41.6895,-81.3361
Mentor-on-the-Lake,OH,Ohio,Lake,41.7135,-81.365
Metamora,OH,Ohio,Fulton,41.7114,-83.9057
Meyers Lake,OH,Ohio,Stark,40.8159,-81.4165
Miami Heights,OH,Ohio,Hamilton,39.1687,-84.7152
Miamisburg,OH,Ohio,Montgomery,39.6323,-84.2725
Miamitown,OH,Ohio,Hamilton,39.2171,-84.7095
Miamiville,OH,Ohio,Clermont,39.2123,-84.3001
Middle Point,OH,Ohio,Van Wert,40.8559,-84.4463
Middleburg Heights,OH,Ohio,Cuyahoga,41.3695,-81.8151
Middlefield,OH,Ohio,Geauga,41.4604,-81.0734
Middleport,OH,Ohio,Meigs,38.9948,-82.0643
Middletown,OH,Ohio,Butler,39.5032,-84.366
Midland,OH,Ohio,Clinton,39.3068,-83.9105
Midvale,OH,Ohio,Tuscarawas,40.4357,-81.3698
Midway,OH,Ohio,Madison,39.7329,-83.4764
Mifflin,OH,Ohio,Ashland,40.7734,-82.3639
Milan,OH,Ohio,Erie,41.2883,-82.5995
Milford,OH,Ohio,Clermont,39.1699,-84.2811
Milford Center,OH,Ohio,Union,40.1791,-83.4381
Millbury,OH,Ohio,Wood,41.5648,-83.4255
Milledgeville,OH,Ohio,Fayette,39.5934,-83.5878
Miller City,OH,Ohio,Putnam,41.1035,-84.1304
Millersburg,OH,Ohio,Holmes,40.5534,-81.9171
Millersport,OH,Ohio,Fairfield,39.8982,-82.5388
Millfield,OH,Ohio,Athens,39.434,-82.0949
Millville,OH,Ohio,Butler,39.3924,-84.6528
Milton Center,OH,Ohio,Wood,41.3008,-83.8295
Miltonsburg,OH,Ohio,Monroe,39.8313,-81.1646
Mineral City,OH,Ohio,Tuscarawas,40.6018,-81.361
Mineral Ridge,OH,Ohio,Trumbull,41.1379,-80.7653
Minerva,OH,Ohio,Stark,40.7306,-81.1022
Minerva Park,OH,Ohio,Franklin,40.077,-82.9407
Minford,OH,Ohio,Scioto,38.8618,-82.8552
Mingo Junction,OH,Ohio,Jefferson,40.3244,-80.6174
Minster,OH,Ohio,Auglaize,40.3947,-84.3789
Mitiwanga,OH,Ohio,Erie,41.3813,-82.466
Mogadore,OH,Ohio,Summit,41.0523,-81.3993
Monfort Heights,OH,Ohio,Hamilton,39.1822,-84.6075
Monroe,OH,Ohio,Butler,39.4461,-84.3666
Monroeville,OH,Ohio,Huron,41.244,-82.7018
Montezuma,OH,Ohio,Mercer,40.4892,-84.5497
Montgomery,OH,Ohio,Hamilton,39.2496,-84.3457
Montpelier,OH,Ohio,Williams,41.5817,-84.5968
Montrose-Ghent,OH,Ohio,Summit,41.1538,-81.6438
Moraine,OH,Ohio,Montgomery,39.6983,-84.2459
Moreland Hills,OH,Ohio,Cuyahoga,41.4422,-81.4294
Morgandale,OH,Ohio,Trumbull,41.267,-80.7958
Morral,OH,Ohio,Marion,40.6914,-83.2098
Morristown,OH,Ohio,Belmont,40.0638,-81.0695
Morrow,OH,Ohio,Warren,39.35,-84.1231
Moscow,OH,Ohio,Clermont,38.86,-84.2281
Mount Blanchard,OH,Ohio,Hancock,40.8986,-83.5568
Mount Carmel,OH,Ohio,Clermont,39.0978,-84.2995
Mount Cory,OH,Ohio,Hancock,40.9348,-83.8235
Mount Eaton,OH,Ohio,Wayne,40.6946,-81.7021
Mount Gilead,OH,Ohio,Morrow,40.5532,-82.8279
Mount Healthy,OH,Ohio,Hamilton,39.2338,-84.5469
Mount Healthy Heights,OH,Ohio,Hamilton,39.2702,-84.5693
Mount Orab,OH,Ohio,Brown,39.0293,-83.9267
Mount Pleasant,OH,Ohio,Jefferson,40.1759,-80.7996
Mount Repose,OH,Ohio,Clermont,39.1908,-84.2197
Mount Sterling,OH,Ohio,Madison,39.7134,-83.2734
Mount Vernon,OH,Ohio,Knox,40.3854,-82.4734
Mount Victory,OH,Ohio,Hardin,40.5338,-83.5211
Mowrystown,OH,Ohio,Highland,39.0405,-83.7518
Mulberry,OH,Ohio,Clermont,39.1975,-84.2511
Munroe Falls,OH,Ohio,Summit,41.1386,-81.4344
Murray City,OH,Ohio,Hocking,39.5097,-82.1678
Mutual,OH,Ohio,Champaign,40.0794,-83.6368
Napoleon,OH,Ohio,Henry,41.3978,-84.1244
Nashville,OH,Ohio,Holmes,40.5958,-82.1131
Navarre,OH,Ohio,Stark,40.7262,-81.5146
Neapolis,OH,Ohio,Lucas,41.4906,-83.8748
Neffs,OH,Ohio,Belmont,40.032,-80.8171
Negley,OH,Ohio,Columbiana,40.7927,-80.536
Nellie,OH,Ohio,Coshocton,40.3384,-82.0714
Nelsonville,OH,Ohio,Athens,39.456,-82.2219
Nettle Lake,OH,Ohio,Williams,41.6785,-84.7271
Nevada,OH,Ohio,Wyandot,40.8188,-83.1312
Neville,OH,Ohio,Clermont,38.8123,-84.2115
New Albany,OH,Ohio,Franklin,40.0802,-82.7883
New Alexandria,OH,Ohio,Jefferson,40.2916,-80.675
New Athens,OH,Ohio,Harrison,40.1845,-80.9948
New Baltimore,OH,Ohio,Hamilton,39.2744,-84.6705
New Bavaria,OH,Ohio,Henry,41.2038,-84.1673
New Bloomington,OH,Ohio,Marion,40.5837,-83.3125
New Boston,OH,Ohio,Scioto,38.7516,-82.9351
New Bremen,OH,Ohio,Auglaize,40.4356,-84.3777
New Burlington,OH,Ohio,Hamilton,39.2624,-84.552
New California,OH,Ohio,Union,40.1502,-83.2372
New Carlisle,OH,Ohio,Clark,39.9446,-84.0257
New Concord,OH,Ohio,Muskingum,39.9937,-81.7381
New Franklin,OH,Ohio,Summit,40.9525,-81.5838
New Hampshire,OH,Ohio,Auglaize,40.554,-83.9531
New Haven,OH,Ohio,Hamilton,39.2772,-84.744
New Holland,OH,Ohio,Pickaway,39.5544,-83.2595
New Knoxville,OH,Ohio,Auglaize,40.4943,-84.3158
New Lebanon,OH,Ohio,Montgomery,39.744,-84.3943
New Lexington,OH,Ohio,Perry,39.716,-82.208
New London,OH,Ohio,Huron,41.0796,-82.4066
New Madison,OH,Ohio,Darke,39.9676,-84.708
New Marshfield,OH,Ohio,Athens,39.3254,-82.2166
New Miami,OH,Ohio,Butler,39.4319,-84.5399
New Middletown,OH,Ohio,Mahoning,40.9646,-80.5597
New Paris,OH,Ohio,Preble,39.8565,-84.7922
New Philadelphia,OH,Ohio,Tuscarawas,40.486,-81.4402
New Pittsburg,OH,Ohio,Wayne,40.8416,-82.0989
New Richmond,OH,Ohio,Clermont,38.962,-84.2779
New Riegel,OH,Ohio,Seneca,41.0519,-83.319
New Straitsville,OH,Ohio,Perry,39.5793,-82.2343
New Vienna,OH,Ohio,Clinton,39.3256,-83.6937
New Washington,OH,Ohio,Crawford,40.9604,-82.8547
New Waterford,OH,Ohio,Columbiana,40.8478,-80.6188
New Weston,OH,Ohio,Darke,40.337,-84.6436
Newark,OH,Ohio,Licking,40.0705,-82.4251
Newburgh Heights,OH,Ohio,Cuyahoga,41.4509,-81.6627
Newcomerstown,OH,Ohio,Tuscarawas,40.2762,-81.5949
Newport,OH,Ohio,Washington,39.3965,-81.2248
Newton Falls,OH,Ohio,Trumbull,41.1888,-80.9712
Newtonsville,OH,Ohio,Clermont,39.1809,-84.0895
Newtown,OH,Ohio,Hamilton,39.1243,-84.3516
Ney,OH,Ohio,Defiance,41.3806,-84.5212
Niles,OH,Ohio,Trumbull,41.1878,-80.753
North Baltimore,OH,Ohio,Wood,41.1798,-83.6702
North Bend,OH,Ohio,Hamilton,39.1505,-84.7404
North Canton,OH,Ohio,Stark,40.8742,-81.3971
North College Hill,OH,Ohio,Hamilton,39.2174,-84.552
North Fairfield,OH,Ohio,Huron,41.1045,-82.6139
North Hampton,OH,Ohio,Clark,39.9893,-83.9442
North Kingsville,OH,Ohio,Ashtabula,41.9189,-80.6724
North Lawrence,OH,Ohio,Stark,40.8417,-81.6347
North Lewisburg,OH,Ohio,Champaign,40.2205,-83.5581
North Madison,OH,Ohio,Lake,41.8298,-81.0511
North Olmsted,OH,Ohio,Cuyahoga,41.415,-81.919
North Perry,OH,Ohio,Lake,41.8003,-81.1241
North Randall,OH,Ohio,Cuyahoga,41.4327,-81.5289
North Ridgeville,OH,Ohio,Lorain,41.3851,-82.0194
North Robinson,OH,Ohio,Crawford,40.7924,-82.8568
North Royalton,OH,Ohio,Cuyahoga,41.3138,-81.7452
North Star,OH,Ohio,Darke,40.3243,-84.569
North Zanesville,OH,Ohio,Muskingum,39.9905,-81.9982
Northbrook,OH,Ohio,Hamilton,39.2467,-84.5796
Northfield,OH,Ohio,Summit,41.3427,-81.5286
Northgate,OH,Ohio,Hamilton,39.2531,-84.5943
Northridge,OH,Ohio,Clark,39.9971,-83.777
Northwood,OH,Ohio,Wood,41.6089,-83.4836
Norton,OH,Ohio,Summit,41.0294,-81.6461
Norwalk,OH,Ohio,Huron,41.2443,-82.6088
Norwich,OH,Ohio,Muskingum,39.9844,-81.7925
Norwood,OH,Ohio,Hamilton,39.1605,-84.4535
Oak Harbor,OH,Ohio,Ottawa,41.5122,-83.1425
Oak Hill,OH,Ohio,Jackson,38.8962,-82.5691
Oakwood,OH,Ohio,Montgomery,39.7202,-84.1733
Oakwood,OH,Ohio,Cuyahoga,41.3668,-81.5036
Oakwood,OH,Ohio,Paulding,41.0927,-84.3747
Oberlin,OH,Ohio,Lorain,41.2857,-82.2197
Obetz,OH,Ohio,Franklin,39.8671,-82.9451
Oceola,OH,Ohio,Crawford,40.8442,-83.0947
Octa,OH,Ohio,Fayette,39.6133,-83.6107
Ohio City,OH,Ohio,Van Wert,40.7703,-84.6162
Old Fort,OH,Ohio,Seneca,41.2419,-83.1515
Old Washington,OH,Ohio,Guernsey,40.0376,-81.4442
Olde West Chester,OH,Ohio,Butler,39.3353,-84.4034
Olmsted Falls,OH,Ohio,Cuyahoga,41.3658,-81.9042
Ontario,OH,Ohio,Richland,40.771,-82.6105
Orange,OH,Ohio,Cuyahoga,41.4415,-81.4743
Orangeville,OH,Ohio,Trumbull,41.3421,-80.5277
Oregon,OH,Ohio,Lucas,41.6528,-83.4322
Orient,OH,Ohio,Pickaway,39.8056,-83.1528
Orrville,OH,Ohio,Wayne,40.848,-81.7743
Orwell,OH,Ohio,Ashtabula,41.5364,-80.8596
Osgood,OH,Ohio,Darke,40.3394,-84.4957
Ostrander,OH,Ohio,Delaware,40.2684,-83.2089
Ottawa,OH,Ohio,Putnam,41.0203,-84.0354
Ottawa Hills,OH,Ohio,Lucas,41.6682,-83.6433
Ottoville,OH,Ohio,Putnam,40.9343,-84.3383
Otway,OH,Ohio,Scioto,38.865,-83.1886
Owensville,OH,Ohio,Clermont,39.1242,-84.1366
Oxford,OH,Ohio,Butler,39.5061,-84.7434
Painesville,OH,Ohio,Lake,41.724,-81.2536
Palestine,OH,Ohio,Darke,40.0501,-84.7444
Pancoastburg,OH,Ohio,Fayette,39.6239,-83.2642
Pandora,OH,Ohio,Putnam,40.9474,-83.9567
Park Layne,OH,Ohio,Clark,39.8881,-84.0394
Parkman,OH,Ohio,Geauga,41.3722,-81.0591
Parma,OH,Ohio,Cuyahoga,41.3843,-81.7286
Parma Heights,OH,Ohio,Cuyahoga,41.3865,-81.7637
Parral,OH,Ohio,Tuscarawas,40.5609,-81.495
Pataskala,OH,Ohio,Licking,40.011,-82.7155
Patterson,OH,Ohio,Hardin,40.7822,-83.5263
Paulding,OH,Ohio,Paulding,41.1424,-84.5824
Payne,OH,Ohio,Paulding,41.0797,-84.7272
Peebles,OH,Ohio,Adams,38.9463,-83.4094
Pemberville,OH,Ohio,Wood,41.4096,-83.4588
Peninsula,OH,Ohio,Summit,41.2379,-81.5519
Pepper Pike,OH,Ohio,Cuyahoga,41.4801,-81.4619
Perry,OH,Ohio,Lake,41.7637,-81.143
Perry Heights,OH,Ohio,Stark,40.7977,-81.468
Perrysburg,OH,Ohio,Wood,41.5377,-83.6413
Perrysville,OH,Ohio,Ashland,40.6584,-82.3144
Pettisville,OH,Ohio,Fulton,41.5323,-84.2231
Pheasant Run,OH,Ohio,Lorain,41.2072,-82.1481
Phillipsburg,OH,Ohio,Montgomery,39.904,-84.4009
Philo,OH,Ohio,Muskingum,39.8613,-81.9088
Pickerington,OH,Ohio,Fairfield,39.889,-82.7678
Pigeon Creek,OH,Ohio,Summit,41.1101,-81.6723
Piketon,OH,Ohio,Pike,39.0649,-82.9985
Pioneer,OH,Ohio,Williams,41.6773,-84.5524
Piqua,OH,Ohio,Miami,40.1505,-84.2441
Pitsburg,OH,Ohio,Darke,39.9871,-84.488
Plain City,OH,Ohio,Madison,40.1067,-83.2693
Plainfield,OH,Ohio,Coshocton,40.205,-81.7181
Plainville,OH,Ohio,Hamilton,39.1439,-84.3593
Pleasant City,OH,Ohio,Guernsey,39.9033,-81.5437
Pleasant Grove,OH,Ohio,Muskingum,39.9513,-81.9593
Pleasant Hill,OH,Ohio,Miami,40.0506,-84.3462
Pleasant Hills,OH,Ohio,Hamilton,39.2365,-84.5229
Pleasant Plain,OH,Ohio,Warren,39.2784,-84.112
Pleasant Run,OH,Ohio,Hamilton,39.2927,-84.5757
Pleasant Run Farm,OH,Ohio,Hamilton,39.3017,-84.5493
Pleasantville,OH,Ohio,Fairfield,39.8098,-82.5224
Plumwood,OH,Ohio,Madison,40.0087,-83.4147
Plymouth,OH,Ohio,Huron,40.9966,-82.6672
Poland,OH,Ohio,Mahoning,41.022,-80.6156
Polk,OH,Ohio,Ashland,40.9449,-82.2147
Pomeroy,OH,Ohio,Meigs,39.0292,-82.034
Port Clinton,OH,Ohio,Ottawa,41.5096,-82.9385
Port Jefferson,OH,Ohio,Shelby,40.3305,-84.0925
Port Washington,OH,Ohio,Tuscarawas,40.3268,-81.5191
Port William,OH,Ohio,Clinton,39.5523,-83.7856
Portage,OH,Ohio,Wood,41.3232,-83.6468
Portage Lakes,OH,Ohio,Summit,41.0034,-81.5347
Portsmouth,OH,Ohio,Scioto,38.7539,-82.9446
Potsdam,OH,Ohio,Miami,39.9637,-84.4149
Pottery Addition,OH,Ohio,Jefferson,40.4031,-80.6241
Powell,OH,Ohio,Delaware,40.1684,-83.0826
Powhatan Point,OH,Ohio,Belmont,39.8625,-80.8098
Proctorville,OH,Ohio,Lawrence,38.4375,-82.3818
Prospect,OH,Ohio,Marion,40.454,-83.1848
Pulaski,OH,Ohio,Williams,41.5108,-84.5079
Put-in-Bay,OH,Ohio,Ottawa,41.6528,-82.8174
Quaker City,OH,Ohio,Guernsey,39.9697,-81.2973
Quincy,OH,Ohio,Logan,40.2956,-83.9687
Racine,OH,Ohio,Meigs,38.9685,-81.9112
Radnor,OH,Ohio,Delaware,40.3852,-83.1459
Rarden,OH,Ohio,Scioto,38.9233,-83.2425
Ravenna,OH,Ohio,Portage,41.1613,-81.2421
Rawson,OH,Ohio,Hancock,40.9569,-83.785
Rayland,OH,Ohio,Jefferson,40.1842,-80.6911
Raymond,OH,Ohio,Union,40.335,-83.4634
Reading,OH,Ohio,Hamilton,39.2243,-84.4333
Reminderville,OH,Ohio,Summit,41.3338,-81.4018
Remington,OH,Ohio,Hamilton,39.2285,-84.3232
Rendville,OH,Ohio,Perry,39.6199,-82.09
Reno,OH,Ohio,Washington,39.3769,-81.3932
Republic,OH,Ohio,Seneca,41.125,-83.0167
Reynoldsburg,OH,Ohio,Franklin,39.9587,-82.7944
Richfield,OH,Ohio,Summit,41.2353,-81.6421
Richmond,OH,Ohio,Jefferson,40.4329,-80.772
Richmond Dale,OH,Ohio,Ross,39.2042,-82.8122
Richmond Heights,OH,Ohio,Cuyahoga,41.5589,-81.5029
Richville,OH,Ohio,Stark,40.7529,-81.4684
Richwood,OH,Ohio,Union,40.4277,-83.2955
Ridgeville Corners,OH,Ohio,Henry,41.4386,-84.2553
Ridgeway,OH,Ohio,Hardin,40.5119,-83.5688
Rio Grande,OH,Ohio,Gallia,38.8797,-82.379
Ripley,OH,Ohio,Brown,38.7325,-83.8346
Risingsun,OH,Ohio,Wood,41.2671,-83.4268
Rittman,OH,Ohio,Wayne,40.9736,-81.7849
Riverlea,OH,Ohio,Franklin,40.0805,-83.0254
Riverside,OH,Ohio,Montgomery,39.7836,-84.1219
Roaming Shores,OH,Ohio,Ashtabula,41.6366,-80.8249
Robertsville,OH,Ohio,Stark,40.7619,-81.194
Rochester,OH,Ohio,Lorain,41.1246,-82.3058
Rock Creek,OH,Ohio,Ashtabula,41.6604,-80.8543
Rockbridge,OH,Ohio,Hocking,39.5862,-82.5262
Rockford,OH,Ohio,Mercer,40.6915,-84.6502
Rocky Fork Point,OH,Ohio,Highland,39.1878,-83.4901
Rocky Ridge,OH,Ohio,Ottawa,41.531,-83.2126
Rocky River,OH,Ohio,Cuyahoga,41.4703,-81.8526
Rogers,OH,Ohio,Columbiana,40.7897,-80.6275
Rome,OH,Ohio,Adams,38.6657,-83.3793
Rose Farm,OH,Ohio,Morgan,39.7359,-82.0779
Rosemount,OH,Ohio,Scioto,38.7812,-82.9664
Roseville,OH,Ohio,Muskingum,39.8064,-82.0758
Rosewood,OH,Ohio,Champaign,40.2174,-83.9635
Ross,OH,Ohio,Butler,39.3146,-84.6599
Rossburg,OH,Ohio,Darke,40.2803,-84.6385
Rossford,OH,Ohio,Wood,41.5832,-83.5692
Rossmoyne,OH,Ohio,Hamilton,39.2145,-84.3886
Roswell,OH,Ohio,Tuscarawas,40.4759,-81.348
Rudolph,OH,Ohio,Wood,41.2966,-83.6641
Rushsylvania,OH,Ohio,Logan,40.4613,-83.6712
Rushville,OH,Ohio,Fairfield,39.7644,-82.4304
Russells Point,OH,Ohio,Logan,40.468,-83.8939
Russellville,OH,Ohio,Brown,38.8673,-83.7878
Russia,OH,Ohio,Shelby,40.2341,-84.4077
Rutland,OH,Ohio,Meigs,39.041,-82.1279
Sabina,OH,Ohio,Clinton,39.4902,-83.6336
Salem,OH,Ohio,Columbiana,40.9049,-80.8491
Salem Heights,OH,Ohio,Hamilton,39.0658,-84.384
Salesville,OH,Ohio,Guernsey,39.9742,-81.3365
Salineville,OH,Ohio,Columbiana,40.6207,-80.8345
Sandusky,OH,Ohio,Erie,41.4437,-82.7149
Sandyville,OH,Ohio,Tuscarawas,40.6467,-81.3671
Sarahsville,OH,Ohio,Noble,39.8076,-81.4692
Sardinia,OH,Ohio,Brown,39.0072,-83.8022
Sardis,OH,Ohio,Monroe,39.6266,-80.9059
Savannah,OH,Ohio,Ashland,40.9669,-82.3661
Sawyerwood,OH,Ohio,Summit,41.0344,-81.4413
Scio,OH,Ohio,Harrison,40.399,-81.0882
Sciotodale,OH,Ohio,Scioto,38.7539,-82.8605
Scott,OH,Ohio,Van Wert,40.989,-84.5837
Seaman,OH,Ohio,Adams,38.937,-83.5754
Sebring,OH,Ohio,Mahoning,40.9207,-81.0231
Senecaville,OH,Ohio,Guernsey,39.9348,-81.4594
Seven Hills,OH,Ohio,Cuyahoga,41.3805,-81.6737
Seven Mile,OH,Ohio,Butler,39.4859,-84.5522
Seville,OH,Ohio,Medina,41.0208,-81.8671
Shadyside,OH,Ohio,Belmont,39.9716,-80.7511
Shaker Heights,OH,Ohio,Cuyahoga,41.4744,-81.5496
Sharonville,OH,Ohio,Hamilton,39.2825,-84.4071
Shawnee,OH,Ohio,Perry,39.6063,-82.2046
Shawnee Hills,OH,Ohio,Greene,39.6515,-83.7822
Sheffield,OH,Ohio,Lorain,41.4559,-82.0912
Sheffield Lake,OH,Ohio,Lorain,41.4884,-82.0978
Shelby,OH,Ohio,Richland,40.8847,-82.6578
Sherrodsville,OH,Ohio,Carroll,40.4945,-81.2441
Sherwood,OH,Ohio,Hamilton,39.0853,-84.3608
Shiloh,OH,Ohio,Richland,40.9695,-82.6016
Shreve,OH,Ohio,Wayne,40.6813,-82.0217
Sidney,OH,Ohio,Shelby,40.2891,-84.1667
Silver Lake,OH,Ohio,Summit,41.1593,-81.4605
Silverton,OH,Ohio,Hamilton,39.1884,-84.401
Sinking Spring,OH,Ohio,Highland,39.0747,-83.3871
Sixteen Mile Stand,OH,Ohio,Hamilton,39.2749,-84.3265
Skyline Acres,OH,Ohio,Hamilton,39.2276,-84.5665
Smithfield,OH,Ohio,Jefferson,40.2715,-80.7772
Smithville,OH,Ohio,Wayne,40.8625,-81.8604
Solon,OH,Ohio,Cuyahoga,41.3864,-81.4401
Somerset,OH,Ohio,Perry,39.8064,-82.2995
Somerville,OH,Ohio,Butler,39.5639,-84.6391
South Amherst,OH,Ohio,Lorain,41.3515,-82.2394
South Bloomfield,OH,Ohio,Pickaway,39.717,-82.9931
South Canal,OH,Ohio,Trumbull,41.1759,-80.9864
South Charleston,OH,Ohio,Clark,39.8243,-83.6416
South Euclid,OH,Ohio,Cuyahoga,41.5239,-81.5245
South Lebanon,OH,Ohio,Warren,39.3672,-84.2204
South Point,OH,Ohio,Lawrence,38.4214,-82.5784
South Russell,OH,Ohio,Geauga,41.4318,-81.3351
South Salem,OH,Ohio,Ross,39.3373,-83.3066
South Solon,OH,Ohio,Madison,39.7374,-83.6127
South Vienna,OH,Ohio,Clark,39.9295,-83.6139
South Webster,OH,Ohio,Scioto,38.817,-82.7282
South Zanesville,OH,Ohio,Muskingum,39.9036,-82.0178
Sparta,OH,Ohio,Morrow,40.3943,-82.6995
Spencer,OH,Ohio,Medina,41.0991,-82.1231
Spencerville,OH,Ohio,Allen,40.7079,-84.3526
Spring Valley,OH,Ohio,Greene,39.6103,-84.0069
Springboro,OH,Ohio,Warren,39.5612,-84.2348
Springdale,OH,Ohio,Hamilton,39.2909,-84.476
Springfield,OH,Ohio,Clark,39.9297,-83.7957
St. Bernard,OH,Ohio,Hamilton,39.1711,-84.4956
St. Clairsville,OH,Ohio,Belmont,40.0792,-80.8997
St. Henry,OH,Ohio,Mercer,40.4208,-84.6326
St. Johns,OH,Ohio,Auglaize,40.5558,-84.0796
St. Louisville,OH,Ohio,Licking,40.1711,-82.4181
St. Martin,OH,Ohio,Brown,39.2117,-83.8844
St. Marys,OH,Ohio,Auglaize,40.5475,-84.3931
St. Paris,OH,Ohio,Champaign,40.127,-83.9644
Stafford,OH,Ohio,Monroe,39.7124,-81.2765
Sterling,OH,Ohio,Wayne,40.9664,-81.8441
Steubenville,OH,Ohio,Jefferson,40.3653,-80.652
Stewart,OH,Ohio,Athens,39.308,-81.8974
Stockport,OH,Ohio,Morgan,39.5489,-81.7944
Stone Creek,OH,Ohio,Tuscarawas,40.3997,-81.558
Stony Prairie,OH,Ohio,Sandusky,41.3521,-83.1519
Stony Ridge,OH,Ohio,Wood,41.5075,-83.5093
Stoutsville,OH,Ohio,Fairfield,39.6049,-82.8235
Stow,OH,Ohio,Summit,41.1765,-81.4344
Strasburg,OH,Ohio,Tuscarawas,40.6007,-81.5295
Stratton,OH,Ohio,Jefferson,40.5254,-80.6315
Streetsboro,OH,Ohio,Portage,41.2396,-81.3456
Strongsville,OH,Ohio,Cuyahoga,41.3128,-81.8313
Struthers,OH,Ohio,Mahoning,41.051,-80.592
Stryker,OH,Ohio,Williams,41.5026,-84.4183
Sugar Bush Knolls,OH,Ohio,Portage,41.2037,-81.3471
Sugar Grove,OH,Ohio,Fairfield,39.628,-82.5455
Sugarcreek,OH,Ohio,Tuscarawas,40.5076,-81.6409
Sulphur Springs,OH,Ohio,Crawford,40.8722,-82.8765
Summerfield,OH,Ohio,Noble,39.7969,-81.3355
Summerside,OH,Ohio,Clermont,39.1187,-84.2862
Summitville,OH,Ohio,Columbiana,40.6759,-80.8876
Sunbury,OH,Ohio,Delaware,40.2485,-82.8804
Swanton,OH,Ohio,Fulton,41.584,-83.8881
Sycamore,OH,Ohio,Wyandot,40.9517,-83.1709
Sylvania,OH,Ohio,Lucas,41.71,-83.7091
Syracuse,OH,Ohio,Meigs,38.9984,-81.9686
Tallmadge,OH,Ohio,Summit,41.1023,-81.4216
Tarlton,OH,Ohio,Pickaway,39.5543,-82.7782
Taylor Creek,OH,Ohio,Hamilton,39.2364,-84.6796
Tedrow,OH,Ohio,Fulton,41.6029,-84.2043
Terrace Park,OH,Ohio,Hamilton,39.1585,-84.3112
The Plains,OH,Ohio,Athens,39.3656,-82.1343
The Village of Indian Hill,OH,Ohio,Hamilton,39.1916,-84.3344
Thornport,OH,Ohio,Perry,39.9211,-82.4272
Thornville,OH,Ohio,Perry,39.8929,-82.4142
Thurston,OH,Ohio,Fairfield,39.8451,-82.5532
Tiffin,OH,Ohio,Seneca,41.1165,-83.1805
Tiltonsville,OH,Ohio,Jefferson,40.1721,-80.6973
Timberlake,OH,Ohio,Lake,41.6655,-81.4428
Tipp City,OH,Ohio,Miami,39.9643,-84.1858
Tippecanoe,OH,Ohio,Harrison,40.2737,-81.2812
Tiro,OH,Ohio,Crawford,40.9062,-82.769
Toledo,OH,Ohio,Lucas,41.6639,-83.5822
Tontogany,OH,Ohio,Wood,41.4212,-83.741
Toronto,OH,Ohio,Jefferson,40.4581,-80.6096
Tremont City,OH,Ohio,Clark,40.0148,-83.8388
Trenton,OH,Ohio,Butler,39.4792,-84.462
Trimble,OH,Ohio,Athens,39.4862,-82.0808
Trinway,OH,Ohio,Muskingum,40.1376,-82.0119
Trotwood,OH,Ohio,Montgomery,39.7927,-84.3165
Troy,OH,Ohio,Miami,40.0436,-84.2191
Tuppers Plains,OH,Ohio,Meigs,39.1726,-81.8466
Turpin Hills,OH,Ohio,Hamilton,39.1063,-84.3703
Tuscarawas,OH,Ohio,Tuscarawas,40.3934,-81.4006
Twinsburg,OH,Ohio,Summit,41.322,-81.4451
Twinsburg Heights,OH,Ohio,Summit,41.3064,-81.4579
Uhrichsville,OH,Ohio,Tuscarawas,40.4005,-81.3515
Union,OH,Ohio,Montgomery,39.909,-84.2896
Union City,OH,Ohio,Darke,40.1996,-84.7943
Uniontown,OH,Ohio,Stark,40.9736,-81.4045
Unionville Center,OH,Ohio,Union,40.1368,-83.3416
Uniopolis,OH,Ohio,Auglaize,40.6024,-84.0858
University Heights,OH,Ohio,Cuyahoga,41.4948,-81.5348
Upper Arlington,OH,Ohio,Franklin,40.0272,-83.0704
Upper Sandusky,OH,Ohio,Wyandot,40.8298,-83.2721
Urbana,OH,Ohio,Champaign,40.1085,-83.7542
Urbancrest,OH,Ohio,Franklin,39.9016,-83.0859
Utica,OH,Ohio,Licking,40.2335,-82.441
Valley City,OH,Ohio,Medina,41.2354,-81.9357
Valley Hi,OH,Ohio,Logan,40.3163,-83.6759
Valley View,OH,Ohio,Cuyahoga,41.3832,-81.6067
Van Buren,OH,Ohio,Hancock,41.1388,-83.6494
Van Wert,OH,Ohio,Van Wert,40.865,-84.5879
Vandalia,OH,Ohio,Montgomery,39.879,-84.193
Vanlue,OH,Ohio,Hancock,40.9751,-83.4824
Vaughnsville,OH,Ohio,Putnam,40.8814,-84.1458
Venedocia,OH,Ohio,Van Wert,40.7852,-84.4559
Vermilion,OH,Ohio,Erie,41.4103,-82.3214
Verona,OH,Ohio,Preble,39.9018,-84.4959
Versailles,OH,Ohio,Darke,40.2225,-84.4832
Vickery,OH,Ohio,Sandusky,41.3769,-82.9416
Vienna Center,OH,Ohio,Trumbull,41.2345,-80.6541
Vincent,OH,Ohio,Washington,39.3749,-81.671
Vinton,OH,Ohio,Gallia,38.9776,-82.3374
Wadsworth,OH,Ohio,Medina,41.0279,-81.7324
Waite Hill,OH,Ohio,Lake,41.6124,-81.3859
Wakeman,OH,Ohio,Huron,41.253,-82.4028
Walbridge,OH,Ohio,Wood,41.5864,-83.4929
Waldo,OH,Ohio,Marion,40.4598,-83.0847
Walnut Creek,OH,Ohio,Holmes,40.5427,-81.7213
Walton Hills,OH,Ohio,Cuyahoga,41.3662,-81.5554
Wapakoneta,OH,Ohio,Auglaize,40.5663,-84.1915
Warren,OH,Ohio,Trumbull,41.239,-80.8174
Warrensville Heights,OH,Ohio,Cuyahoga,41.4363,-81.5222
Warsaw,OH,Ohio,Coshocton,40.336,-82.0019
Washington Court House,OH,Ohio,Fayette,39.5383,-83.4279
Washingtonville,OH,Ohio,Columbiana,40.899,-80.7677
Waterford,OH,Ohio,Washington,39.5407,-81.6424
Waterville,OH,Ohio,Lucas,41.5015,-83.7365
Wauseon,OH,Ohio,Fulton,41.5532,-84.141
Waverly,OH,Ohio,Pike,39.1256,-82.9836
Wayne,OH,Ohio,Wood,41.301,-83.4717
Wayne Lakes,OH,Ohio,Darke,40.0217,-84.6625
Waynesburg,OH,Ohio,Stark,40.6682,-81.2598
Waynesfield,OH,Ohio,Auglaize,40.6024,-83.9739
Waynesville,OH,Ohio,Warren,39.5329,-84.0903
Wellington,OH,Ohio,Lorain,41.161,-82.2268
Wellston,OH,Ohio,Jackson,39.1172,-82.5375
Wellsville,OH,Ohio,Columbiana,40.6042,-80.655
West Alexandria,OH,Ohio,Preble,39.7451,-84.5362
West Carrollton,OH,Ohio,Montgomery,39.6701,-84.2542
West Elkton,OH,Ohio,Preble,39.5882,-84.5596
West Farmington,OH,Ohio,Trumbull,41.391,-80.974
West Hill,OH,Ohio,Trumbull,41.23,-80.5269
West Jefferson,OH,Ohio,Madison,39.9481,-83.2983
West Lafayette,OH,Ohio,Coshocton,40.2761,-81.7518
West Leipsic,OH,Ohio,Putnam,41.1053,-84.0011
West Liberty,OH,Ohio,Logan,40.2569,-83.7584
West Manchester,OH,Ohio,Preble,39.9033,-84.6262
West Mansfield,OH,Ohio,Logan,40.4007,-83.5444
West Millgrove,OH,Ohio,Wood,41.2427,-83.4915
West Milton,OH,Ohio,Miami,39.9585,-84.3262
West Portsmouth,OH,Ohio,Scioto,38.7622,-83.0416
West Rushville,OH,Ohio,Fairfield,39.764,-82.4483
West Salem,OH,Ohio,Wayne,40.9696,-82.108
West Union,OH,Ohio,Adams,38.7917,-83.5441
West Unity,OH,Ohio,Williams,41.5889,-84.4305
Westerville,OH,Ohio,Franklin,40.1241,-82.9209
Westfield Center,OH,Ohio,Medina,41.0282,-81.9314
Westlake,OH,Ohio,Cuyahoga,41.4524,-81.9295
Westminster,OH,Ohio,Allen,40.699,-83.9795
Weston,OH,Ohio,Wood,41.3464,-83.7948
Wetherington,OH,Ohio,Butler,39.3633,-84.3767
Wharton,OH,Ohio,Wyandot,40.8613,-83.4648
Wheelersburg,OH,Ohio,Scioto,38.7383,-82.8421
White Oak,OH,Ohio,Hamilton,39.2106,-84.6061
Whitehall,OH,Ohio,Franklin,39.9682,-82.8833
Whitehouse,OH,Ohio,Lucas,41.5215,-83.7957
Whites Landing,OH,Ohio,Erie,41.4308,-82.896
Wickliffe,OH,Ohio,Lake,41.6072,-81.469
Wightmans Grove,OH,Ohio,Sandusky,41.4241,-83.0466
Wilberforce,OH,Ohio,Greene,39.7151,-83.8848
Wilkesville,OH,Ohio,Vinton,39.0765,-82.3271
Willard,OH,Ohio,Huron,41.0518,-82.7232
Williamsburg,OH,Ohio,Clermont,39.0556,-84.0478
Williamsdale,OH,Ohio,Butler,39.4421,-84.5298
Williamsport,OH,Ohio,Pickaway,39.5824,-83.1206
Williston,OH,Ohio,Ottawa,41.6026,-83.3419
Willoughby,OH,Ohio,Lake,41.646,-81.4084
Willoughby Hills,OH,Ohio,Lake,41.5873,-81.4333
Willowick,OH,Ohio,Lake,41.6343,-81.468
Willshire,OH,Ohio,Van Wert,40.7465,-84.7924
Wilmington,OH,Ohio,Clinton,39.4387,-83.8184
Wilmot,OH,Ohio,Stark,40.6557,-81.6349
Wilson,OH,Ohio,Monroe,39.8597,-81.0689
Winchester,OH,Ohio,Adams,38.9436,-83.654
Windham,OH,Ohio,Portage,41.2375,-81.0373
Winesburg,OH,Ohio,Holmes,40.6176,-81.6948
Wintersville,OH,Ohio,Jefferson,40.3791,-80.7095
Withamsville,OH,Ohio,Clermont,39.0628,-84.2808
Wolfhurst,OH,Ohio,Belmont,40.069,-80.781
Woodlawn,OH,Ohio,Hamilton,39.2556,-84.471
Woodmere,OH,Ohio,Cuyahoga,41.46,-81.4798
Woodsfield,OH,Ohio,Monroe,39.7631,-81.1169
Woodstock,OH,Ohio,Champaign,40.1736,-83.5281
Woodville,OH,Ohio,Sandusky,41.451,-83.364
Wooster,OH,Ohio,Wayne,40.8171,-81.9335
Worthington,OH,Ohio,Franklin,40.0949,-83.021
Wren,OH,Ohio,Van Wert,40.8006,-84.7746
Wright-Patterson AFB,OH,Ohio,Greene,39.8112,-84.0573
Wyoming,OH,Ohio,Hamilton,39.2297,-84.4816
Xenia,OH,Ohio,Greene,39.6828,-83.9414
Yankee Lake,OH,Ohio,Trumbull,41.2682,-80.568
Yellow Springs,OH,Ohio,Greene,39.7986,-83.8905
Yorkshire,OH,Ohio,Darke,40.3253,-84.495
Yorkville,OH,Ohio,Belmont,40.1528,-80.7079
Youngstown,OH,Ohio,Mahoning,41.0993,-80.6463
Zaleski,OH,Ohio,Vinton,39.2811,-82.395
Zanesfield,OH,Ohio,Logan,40.3387,-83.6779
Zanesville,OH,Ohio,Muskingum,39.9565,-82.0132
Zoar,OH,Ohio,Tuscarawas,40.6134,-81.4233
